Workbook

Sheet 使い方
B2: 架電管理シート（MAKRH / 栃木県内）
B4: このシートについて
B5: 「架電リスト」タブに候補店を入力し、電話をかけた結果を記録していきます。
B6: 対象: 栃木県内の観光関連個人店（カフェ・飲食店・和菓子/雑貨店・陶器店/ギャラリー・土産店）＋ 美容室・理容室。
B7: 現在20市町にまたがる候補を掲載（栃木市・益子町・那須町・日光市を中心に、宇都宮市など主要都市にも拡大）。
B9: 500件を目指す上での注意
B10: このシートはWeb検索で見つけた実在店舗の下調べリストです。件数を大きく伸ばすには限界があり、
B11: 特に美容室・理容室は店舗数が非常に多い一方、Web検索の要約からは個別店名が拾いにくい業態です。
B12: 母数を一気に増やすには「iタウンページ」（https://itp.ne.jp/）で業種×市区町村を指定して検索・
B13: コピペする方法がもっとも効率的です（店名・電話番号・住所が一覧で出ます）。詳細は knowledge フォルダのメモ参照。
B15: 入力のしかた
B16: 黄色のセルは要確認・要入力です（電話番号・定休日など、Web検索だけでは確認できなかった項目）。
... B24: 「集計」タブに架電数・アポ率・市町別件数が自動計算されます（架電リストの入力に連動）。

Sheet 架電リスト
A1: No. | B1: 店名 | C1: 業種 | D1: 市町 | E1: 住所/場所 | F1: 電話番号 | G1: 定休日 | H1: 現状サイト有無 | I1: 情報源 | J1: 架電日 | K1: 結果 | L1: 次回アクション予定日 | M1: メモ
A2: 1 | B2: 舟見茶家 憩いどころ齋 | C2: カフェ | D2: 栃木市 | E2: 蔵の街エリア（巴波川沿い・古民家） | G2: 不明 | H2: 不明 | I2: 栃木市観光協会 掲載店 | K2: 未架電 | M2: 明治期の古民家を改装、蔵の街並みを一望できるカフェ
A3: 2 | B3: ハウディーズカフェ | C3: カフェ | D3: 栃木市 | E3: 小平町10-17 | G3: 不明 | H3: 不明 | I3: 観光メディア掲載店 | K3: 未架電 | M3: 古民家を改装したカフェ
A4: 3 | B4: 光明寺山門カフェ | C4: カフェ | D4: 栃木市 | E4: 蔵の街エリア（光明寺 山門付近） | G4: 不明 | H4: 不明 | I4: 観光メディア掲載店 | K4: 未架電 | M4: 蔵を使った小さなカフェ、ドリップコーヒー
A5: 4 | B5: 和菓子処 仁 | C5: 和菓子店 | D5: 栃木市 | E5: 蔵の街エリア | G5: 不明 | H5: 不明 | I5: グルメサイト掲載店 | K5: 未架電 | M5: 季節の創作和菓子
A6: 5 | B6: 蔵の菓 栃木本店 | C6: 和菓子店 | D6: 栃木市 | E6: 蔵の街エリア | G6: 不明 | H6: 不明 | I6: 地域情報サイト掲載店 | K6: 未架電 | M6: 石蔵をリノベーション、バームクーヘン等
A7: 6 | B7: 永井百貨店 | C7: 雑貨店 | D7: 栃木市 | E7: 蔵の街エリア | G7: 不明 | H7: 不明 | I7: 観光メディア掲載店 | K7: 未架電 | M7: 栃木・全国のお土産セレクトショップ
A8: 7 | B8: Feel hair face | C8: 美容室 | D8: 栃木市 | E8: 蔵の街大通り沿い（万町交番付近） | G8: 不明 | H8: 不明 | I8: 電話帳サイト掲載店 | K8: 未架電
A9: 8 | B9: 美容室エミュ 蔵の街店 | C9: 美容室 | D9: 栃木市 | E9: 富士見町5-32 | G9: 不明 | H9: 不明 | I9: 地域情報サイト掲載店 | K9: 未架電
A10: 9 | B10: やまに大塚 | C10: 陶器店・ギャラリー | D10: 益子町 | E10: 城内坂エリア | G10: 不明 | H10: 不明 | I10: 公式サイト | K10: 未架電 | M10: 益子焼ギャラリー・カフェ・陶芸教室を併設
A11: 10 | B11: 益子焼窯元 つかもと | C11: 陶器店・ギャラリー | D11: 益子町 | E11: 城内坂通り | G11: 不明 | H11: 不明 | I11: 観光メディア掲載店 | K11: 未架電 | M11: ギャラリー・カフェ・レストラン併設
A12: 11 | B12: tete+gallery | C12: 陶器店・ギャラリー | D12: 益子町 | E12: 益子駅〜城内坂の途中 | G12: 不明 | H12: 不明 | I12: 観光メディア掲載店 | K12: 未架電 | M12: 作家本人が制作する陶器ギャラリー
A13: 12 | B13: 益子の茶屋（窯元よこやま） | C13: カフェ | D13: 益子町 | E13: 城内坂エリア | G13: 不明 | H13: 不明 | I13: 公式サイト | K13: 未架電 | M13: 益子焼の器で提供する陶芸カフェレストラン
A14: 13 | B14: 古民家のカフェ 夢屋 | C14: カフェ | D14: 那須町 | E14: 那須高原（森の中） | G14: 不明 | H14: 不明 | I14: 観光メディア掲載店 | K14: 未架電 | M14: 古民家を改装したカフェ
A15: 14 | B15: craft&design WHITE NOTE | C15: 雑貨店 | D15: 那須町 | E15: 那須高原 | G15: 不明 | H15: 不明 | I15: 観光メディア掲載店 | K15: 未架電 | M15: 生活道具・手作り雑貨の店
A16: 15 | B16: ペニー・レイン 那須店 | C16: カフェ | D16: 那須町 | E16: 那須高原 | G16: 不明 | H16: 不明 | I16: 観光メディア掲載店 | K16: 未架電
A17: 16 | B17: NASU SHOZO CAFE | C17: カフェ | D17: 那須町 | E17: 那須高原 | G17: 不明 | H17: 不明 | I17: 観光メディア掲載店 | K17: 未架電
A18: 17 | B18: Cafe La Detente（自家焙煎 那須珈琲） | C18: カフェ | D18: 那須町 | E18: 那須高原 | G18: 不明 | H18: 不明 | I18: 観光メディア掲載店 | K18: 未架電 | M18: 自家焙煎コーヒーの店
A19: 18 | B19: Cafe St.Croix | C19: カフェ | D19: 那須町 | E19: 那須高原 | G19: 不明 | H19: 不明 | I19: 観光メディア掲載店 | K19: 未架電 | M19: 薪ストーブと珈琲の店
A20: 19 | B20: 本宮カフェ | C20: カフェ | D20: 日光市 | E20: 山内2384 | G20: 不明 | H20: 不明 | I20: 観光メディア掲載店 | K20: 未架電 | M20: 築330余年の古民家カフェ
A21: 20 | B21: 湯沢屋直営カフェ | C21: 和菓子店 | D21: 日光市 | E21: 日光東照宮 参道エリア | G21: 不明 | H21: 不明 | I21: 観光メディア掲載店 | K21: 未架電 | M21: 明治創業の老舗和菓子店直営、湯波料理も提供
A22: 21 | B22: さかえや | C22: 土産店 | D22: 日光市 | E22: 東武日光駅前 | G22: 不明 | H22: 不明 | I22: 観光メディア掲載店 | K22: 未架電 | M22: 創業60年以上、揚げゆばまんじゅうが名物
A23: 22 | B23: 油源 | C23: 土産店 | D23: 日光市 | E23: 日光東照宮周辺 | G23: 不明 | H23: 不明 | I23: 観光メディア掲載店 | K23: 未架電 | M23: 1859年創業の老舗
A24: 23 | B24: 宇都宮みんみん 本店 | C24: 飲食店 | D24: 宇都宮市 | E24: 宇都宮駅前エリア | G24: 不明 | H24: 不明 | I24: 観光メディア掲載店 | K24: 未架電 | M24: 昭和33年創業の老舗餃子専門店
A25: 24 | B25: 正嗣 宮島本店 | C25: 飲食店 | D25: 宇都宮市 | E25: 宮島町 | G25: 不明 | H25: 不明 | I25: 観光メディア掲載店 | K25: 未架電 | M25: 昭和40年創業、焼餃子と水餃子のみの専門店
A26: 25 | B26: 香蘭 | C26: 飲食店 | D26: 宇都宮市 | E26: 宇都宮駅前 | G26: 不明 | H26: 不明 | I26: 公式サイト | K26: 未架電 | M26: 創業昭和34年の老舗餃子店
A27: 26 | B27: 青源 | C27: 飲食店 | D27: 宇都宮市 | G27: 不明 | H27: 不明 | I27: 観光メディア掲載店 | K27: 未架電 | M27: 創業300年以上の老舗味噌屋が手がける餃子店
A28: 27 | B28: かふえあんでぃーぶ | C28: カフェ | D28: 足利市 | G28: 不明 | H28: 不明 | I28: 観光メディア掲載店 | K28: 未架電 | M28: 老舗カフェ、ドリップコーヒー
A29: 28 | B29: 珈琲蔵 | C29: カフェ | D29: 足利市 | G29: 不明 | H29: 不明 | I29: 観光メディア掲載店 | K29: 未架電 | M29: 蔵を改装した喫茶店
A30: 29 | B30: 八蔵（はちくら） | C30: カフェ | D30: 足利市 | E30: 足利駅南口徒歩8分・石畳通り | G30: 不明 | H30: 不明 | I30: 観光メディア掲載店 | K30: 未架電 | M30: 米蔵をリノベーションした古民家カフェ
A31: 30 | B31: 茶房のの | C31: カフェ | D31: 足利市 | E31: 八幡町 | G31: 不明 | H31: 不明 | I31: 公式サイト | K31: 未架電 | M31: 古民家カフェ、あんみつ・かき氷
A32: 31 | B32: 麺や 大山 | C32: 飲食店 | D32: 佐野市 | G32: 不明 | H32: 不明 | I32: グルメサイト掲載店 | K32: 未架電 | M32: 佐野ラーメンの名店、青竹手打ち麺
A33: 32 | B33: 麺屋ようすけ | C33: 飲食店 | D33: 佐野市 | G33: 不明 | H33: 不明 | I33: グルメサイト掲載店 | K33: 未架電 | M33: 佐野ラーメン、透き通るスープ
A34: 33 | B34: 森田屋総本店 | C34: 飲食店 | D34: 佐野市 | G34: 不明 | H34: 不明 | I34: グルメサイト掲載店 | K34: 未架電 | M34: 佐野ラーメン、麺・チャーシュー・スープ全て自家製
A35: 34 | B35: クラシック・カフェ音楽館 | C35: カフェ | D35: 小山市 | E35: 犬塚5丁目 | G35: 不明 | H35: 不明 | I35: グルメサイト掲載店 | K35: 未架電 | M35: 古民家、クラシック音楽が流れる店内
A36: 35 | B36: だんご茶屋 | C36: 和菓子店 | D36: 小山市 | E36: 小山第二中学校付近 | G36: 不明 | H36: 不明 | I36: グルメサイト掲載店 | K36: 未架電 | M36: 白玉ぜんざいなど
A37: 36 | B37: 居場所カフェ・あおぞら | C37: カフェ | D37: 小山市 | G37: 不明 | H37: 不明 | I37: グルメサイト掲載店 | K37: 未架電 | M37: 無農薬野菜を使った健康志向カフェ
A38: 37 | B38: CafeQ | C38: カフェ | D38: 小山市 | E38: 城東 | G38: 不明 | H38: 不明 | I38: グルメサイト掲載店 | K38: 未架電 | M38: 山小屋風、ハンバーガーが名物
A39: 38 | B39: Bee House | C39: カフェ | D39: 小山市 | E39: 国道50号沿い | G39: 不明 | H39: 不明 | I39: グルメサイト掲載店 | K39: 未架電 | M39: ホットケーキが名物
A40: 39 | B40: みやいりそば | C40: 飲食店 | D40: 鹿沼市 | E40: 深程1386-1 | G40: 月曜日 | H40: 不明 | I40: グルメサイト掲載店 | K40: 未架電 | M40: 鹿沼名物ニラそば、定休日: 月曜（要再確認）
A41: 40 | B41: そば花 | C41: 飲食店 | D41: 鹿沼市 | G41: 不明 | H41: 不明 | I41: グルメサイト掲載店 | K41: 未架電 | M41: 行列のできる人気そば店
A42: 41 | B42: くだものやカフェ 通りの茶屋 藤屋 | C42: カフェ | D42: 那須塩原市 | E42: 塩原温泉 | G42: 不明 | H42: 不明 | I42: グルメサイト掲載店 | K42: 未架電 | M42: 大正元年創業、元青果店のカフェ
A43: 42 | B43: 栄太楼 | C43: 和菓子店 | D43: 那須塩原市 | E43: 塩原温泉 | G43: 不明 | H43: 不明 | I43: グルメサイト掲載店 | K43: 未架電 | M43: 昭和初期創業の老舗和菓子屋、2階カフェで「とて焼き」
A44: 43 | B44: SUZUの森cafe | C44: カフェ | D44: 那須塩原市 | E44: 塩原温泉近く | G44: 不明 | H44: 不明 | I44: グルメサイト掲載店 | K44: 未架電 | M44: 箒川を一望するテラス席
A45: 44 | B45: チーズガーデン 塩原珈琲 | C45: カフェ | D45: 那須塩原市 | E45: 塩原温泉郷入口 | G45: 不明 | H45: 不明 | I45: 公式サイト | K45: 未架電 | M45: チーズ菓子専門店併設カフェ
A46: 45 | B46: カフェ いちごや | C46: カフェ | D46: 真岡市 | E46: 高田1019-1 | G46: 不明 | H46: 不明 | I46: 地域情報サイト掲載店 | K46: 未架電 | M46: いちご農家が営むカフェ
A47: 46 | B47: 御菓子司 紅谷三宅 | C47: 和菓子店 | D47: 真岡市 | G47: 不明 | H47: 不明 | I47: 地域情報サイト掲載店 | K47: 未架電 | M47: いちご大福が名物
A48: 47 | B48: 山吉商店 | C48: カフェ | D48: 大田原市 | G48: 不明 | H48: 不明 | I48: グルメサイト掲載店 | K48: 未架電 | M48: 珈琲ショップ
A49: 48 | B49: 喫茶ハナモリ大田原店 | C49: カフェ | D49: 大田原市 | G49: 不明 | H49: 不明 | I49: 公式サイト | K49: 未架電 | M49: 2025年6月オープン、ナポリタン・手作りプリン
A50: 49 | B50: Cafe：甘茶 | C50: カフェ | D50: 壬生町 | G50: 不明 | H50: 不明 | I50: 地域ブログ掲載店 | K50: 未架電 | M50: 抹茶メニュー中心
A51: 50 | B51: 魚良（うおりょう） | C51: 飲食店 | D51: 那珂川町 | G51: 不明 | H51: 不明 | I51: 公式サイト | K51: 未架電 | M51: 天然鮎の炭火焼き
A52: 51 | B52: 黒羽観光やな | C52: 飲食店 | D52: 那珂川町 | G52: 不明 | H52: 不明 | I52: 公式サイト | K52: 未架電 | M52: 鮎塩焼き・鮎釜めし・鮎刺身
A53: 52 | B53: 菓子工房 SHIMADAYA | C53: 和菓子店 | D53: 那須烏山市 | G53: 不明 | H53: 不明 | I53: 地域情報サイト掲載店 | K53: 未架電 | M53: 4代続く老舗、烏山銘菓しらつゆ
A54: 53 | B54: あん姫 | C54: カフェ | D54: 矢板市 | E54: 国道461号沿い・南平公園前 | G54: 不明 | H54: 不明 | I54: 地域情報サイト掲載店 | K54: 未架電
A55: 54 | B55: 道の駅もてぎ もてぎプラザ | C55: カフェ | D55: 茂木町 | E55: 道の駅もてぎ | G55: 不明 | H55: 不明 | I55: 公式サイト | K55: 未架電 | M55: カフェ・スイーツ
A56: 55 | B56: 茂木満天家 | C56: カフェ | D56: 茂木町 | G56: 不明 | H56: 不明 | I56: 地域情報サイト掲載店 | K56: 未架電 | M56: 天然かき氷が名物
A57: 56 | B57: COFFEE HOUSE PARCEL | C57: カフェ | D57: 下野市 | G57: 不明 | H57: 不明 | I57: 地域情報サイト掲載店 | K57: 未架電 | M57: 創業40周年以上の老舗喫茶店
A58: 57 | B58: カフェギャラリー土筆 | C58: カフェ | D58: 下野市 | G58: 不明 | H58: 不明 | I58: 地域情報サイト掲載店 | K58: 未架電 | M58: 古民家風、書・陶器展示併設
A59: 58 | B59: ごはんカフェ 坂の途中 | C59: カフェ | D59: 下野市 | G59: 不明 | H59: 不明 | I59: 地域情報サイト掲載店 | K59: 未架電 | M59: 地元野菜を使った料理、2023年3月オープン
A60: 59 | B60: 喫茶みるく | C60: カフェ | D60: 下野市 | E60: 大光寺2丁目 | G60: 不明 | H60: 不明 | I60: 地域情報サイト掲載店 | K60: 未架電
A61: 60 | B61: こびとカフェ | C61: カフェ | D61: 野木町 | E61: 野木町煉瓦窯 隣接 | G61: 不明 | H61: 不明 | I61: 地域情報サイト掲載店 | K61: 未架電
A62: 61 | B62: 中西珈琲 | C62: カフェ | D62: 野木町 | G62: 不明 | H62: 不明 | I62: 地域情報サイト掲載店 | K62: 未架電 | M62: 自家焙煎珈琲店、2018年2月開業
A63: 62 | B63: fu.+（パン工房fu×焼菓子Toko toko） | C63: カフェ | D63: 高根沢町 | E63: 宝石台4-14-5 | G63: 不明 | H63: 不明 | I63: 地域情報サイト掲載店 | K63: 未架電 | M63: 天然酵母パン・焼き菓子のログハウスカフェ
A64: 63 | B64: hisui coffee | C64: カフェ | D64: 高根沢町 | G64: 不明 | H64: 不明 | I64: 地域情報サイト掲載店 | K64: 未架電
A65: 64 | B65: さかさみせ | C65: カフェ | D65: 高根沢町 | E65: 石末2805-9 | G65: 不明 | H65: 不明 | I65: 地域情報サイト掲載店 | K65: 未架電
A66: 65 | B66: 花の丘 | C66: カフェ | D66: 高根沢町 | E66: 花岡1503-3 | G66: 不明 | H66: 不明 | I66: 地域情報サイト掲載店 | K66: 未架電
A67: 66 | B67: cafe mikumari | C67: カフェ | D67: 芳賀町 | E67: 東水沼1032-12 | G67: 不明 | H67: 不明 | I67: 地域情報サイト掲載店 | K67: 未架電
A68: 67 | B68: まがりな | C68: カフェ | D68: 塩谷町 | E68: 道の駅湧水の郷しおや 飲食館内 | G68: 不明 | H68: 不明 | I68: 地域情報サイト掲載店 | K68: 未架電 | M68: 農村カフェ、オリジナルメニュー
A69: 68 | B69: 福田屋 | C69: 陶器店・ギャラリー | D69: 益子町 | E69: 城内坂エリア | G69: 不明 | H69: 不明 | I69: 観光メディア掲載店 | K69: 未架電
A70: 69 | B70: 陶知庵（蒼い器の店） | C70: 陶器店・ギャラリー | D70: 益子町 | E70: 城内坂エリア | G70: 不明 | H70: 不明 | I70: 観光メディア掲載店 | K70: 未架電
A71: 70 | B71: 見目陶苑 | C71: 陶器店・ギャラリー | D71: 益子町 | G71: 不明 | H71: 不明 | I71: 観光メディア掲載店 | K71: 未架電
A72: 71 | B72: 象嵌てん | C72: 陶器店・ギャラリー | D72: 益子町 | G72: 不明 | H72: 不明 | I72: 観光メディア掲載店 | K72: 未架電
A73: 72 | B73: 趣味の器 陶楽 | C73: 陶器店・ギャラリー | D73: 益子町 | G73: 不明 | H73: 不明 | I73: 観光メディア掲載店 | K73: 未架電
A74: 73 | B74: 長豊陶苑 | C74: 陶器店・ギャラリー | D74: 益子町 | G74: 不明 | H74: 不明 | I74: 観光メディア掲載店 | K74: 未架電
A75: 74 | B75: 陶・ギャラリー田 | C75: 陶器店・ギャラリー | D75: 益子町 | G75: 不明 | H75: 不明 | I75: 観光メディア掲載店 | K75: 未架電
A76: 75 | B76: 陶房なかむら | C76: 陶器店・ギャラリー | D76: 益子町 | G76: 不明 | H76: 不明 | I76: 観光メディア掲載店 | K76: 未架電
A77: 76 | B77: 陶房はせがわ | C77: 陶器店・ギャラリー | D77: 益子町 | G77: 不明 | H77: 不明 | I77: 観光メディア掲載店 | K77: 未架電
A78: 77 | B78: 陶房日向 | C78: 陶器店・ギャラリー | D78: 益子町 | G78: 不明 | H78: 不明 | I78: 観光メディア掲載店 | K78: 未架電
A79: 78 | B79: もえぎ 城内坂店 | C79: 陶器店・ギャラリー | D79: 益子町 | E79: 城内坂通り | G79: 不明 | H79: 不明 | I79: 観光メディア掲載店 | K79: 未架電 | M79: 約150名の作家作品を扱う、カフェ・レストラン併設
A80: 79 | B80: 陶庫（とうこ） | C80: 陶器店・ギャラリー | D80: 益子町 | E80: 城内坂2 | G80: 不明 | H80: 不明 | I80: 公式サイト | K80: 未架電 | M80: 約2週間ごとに展覧会、1000回以上開催のギャラリー
A81: 80 | B81: ギャラリー陶のね広場 | C81: 陶器店・ギャラリー | D81: 益子町 | G81: 不明 | H81: 不明 | I81: 益子陶器市 出店者情報 | K81: 未架電
A82: 81 | B82: ギャラリー陶 塑瑠土 | C82: 陶器店・ギャラリー | D82: 益子町 | G82: 不明 | H82: 不明 | I82: 益子陶器市 出店者情報 | K82: 未架電
A83: 82 | B83: 茶房 風花 | C83: カフェ | D83: さくら市 | E83: 喜連川 | G83: 不明 | H83: 不明 | I83: 地域情報サイト掲載店 | K83: 未架電
A84: 83 | B84: わ | C84: カフェ | D84: さくら市 | E84: 氏家駅近く | G84: 不明 | H84: 不明 | I84: 地域情報サイト掲載店 | K84: 未架電 | M84: カフェレストラン
A85: 84 | B85: 京月 | C85: 和菓子店 | D85: さくら市 | G85: 不明 | H85: 不明 | I85: 地域情報サイト掲載店 | K85: 未架電 | M85: いちご大福が名物の老舗和菓子店
A86: 85 | B86: Butch Cafe（ブッチカフェ） | C86: カフェ | D86: 上三川町 | E86: 上三川4999-7 | G86: 不明 | H86: 不明 | I86: 地域情報サイト掲載店 | K86: 未架電
A87: 86 | B87: 気まぐれSweets | C87: カフェ | D87: 上三川町 | G87: 不明 | H87: 不明 | I87: 地域情報サイト掲載店 | K87: 未架電 | M87: 店名表記は推定のため要確認、パンケーキが名物
A88: 87 | B88: カフェ三四八 | C88: カフェ | D88: 市貝町 | E88: 市塙1270・道の駅サシバの里いちかい内 | G88: 木曜日 | H88: 不明 | I88: 公式サイト | K88: 未架電 | M88: オリジナルブレンドコーヒー、定休日: 木曜（要再確認）
A89: 88 | B89: ベリーベリー | C89: カフェ | D89: 市貝町 | E89: 赤羽 | G89: 不明 | H89: 不明 | I89: 地域情報サイト掲載店 | K89: 未架電 | M89: ジェラート専門
A90: 89 | B90: かざぐるま | C90: カフェ | D90: 市貝町 | E90: 赤羽 | G90: 不明 | H90: 不明 | I90: 地域情報サイト掲載店 | K90: 未架電
A91: 90 | B91: ポスト・ド・ブレ | C91: パン屋 | D91: 宇都宮市 | G91: 不明 | H91: 不明 | I91: グルメサイト掲載店 | K91: 未架電 | M91: 築90年の大谷石蔵をリノベーション
A92: 91 | B92: とろろとぱん | C92: パン屋 | D92: 宇都宮市 | G92: 不明 | H92: 不明 | I92: 公式サイト | K92: 未架電 | M92: 古民家改装、駄菓子屋コンセプト
A93: 92 | B93: 石窯パン工房 Pan De Park | C93: パン屋 | D93: 宇都宮市 | G93: 不明 | H93: 不明 | I93: グルメサイト掲載店 | K93: 未架電
A94: 93 | B94: ブーランジュリ・マルシェ | C94: パン屋 | D94: 宇都宮市 | G94: 不明 | H94: 不明 | I94: グルメサイト掲載店 | K94: 未架電 | M94: 本格フランス風パン屋
A95: 94 | B95: ペンション森のうーたん | C95: 飲食店 | D95: 那須町 | E95: 那須高原 | G95: 不明 | H95: 不明 | I95: 観光メディア掲載店 | K95: 未架電 | M95: 国産牛ヒレステーキ、シーフードグラタン
A96: 95 | B96: プチホテル晩餐館 | C96: 飲食店 | D96: 那須町 | E96: 那須高原 | G96: 不明 | H96: 不明 | I96: 観光メディア掲載店 | K96: 未架電 | M96: ステンドグラスのダイニング、ヒレステーキのフルコース
A97: 96 | B97: 那須高原バル | C97: 飲食店 | D97: 那須町 | E97: 那須高原 | G97: 不明 | H97: 不明 | I97: 公式サイト | K97: 未架電 | M97: 那須産野菜・地場産品を使ったレストラン
A98: 97 | B98: 豊田木工所 | C98: 工芸品店 | D98: 鹿沼市 | G98: 不明 | H98: 不明 | I98: 地域メディア掲載店 | K98: 未架電 | M98: 鹿沼組子（寄木細工）の木工所、3代目
A99: 98 | B99: 星野工業株式会社 | C99: 工芸品店 | D99: 鹿沼市 | E99: 玉田町692-8 | G99: 土・日・祝日 | H99: 不明 | I99: 公式サイト | K99: 未架電 | M99: 木工・組子、定休日: 土日祝（要再確認）
A100: 99 | B100: 茶房直 | C100: カフェ | D100: 佐野市 | G100: 不明 | H100: 不明 | I100: 地域情報サイト掲載店 | K100: 未架電 | M100: 古民家風レトロなカフェ
...

Sheet 集計
B2: 週次集計
B4: 登録店舗数（合計） | D4: =COUNTIF(架電リスト!B2:B146,"?*")
B5: 架電済み件数 | D5: =COUNTIFS(架電リスト!K2:K146,"<>未架電",架電リスト!K2:K146,"<>")
B6: 資料送付OK件数 | D6: =COUNTIF(架電リスト!K2:K146,"資料送付OK")
B7: アポ確定件数 | D7: =COUNTIF(架電リスト!K2:K146,"アポ確定")
B8: アポ率（アポ確定 ÷ 架電済み） | D8: =IFERROR(D7/D5,0)
B10: 市町別 登録件数
B11: 栃木市 | D11: =COUNTIF(架電リスト!D2:D146,"栃木市")
B12: 益子町 | D12: =COUNTIF(架電リスト!D2:D146,"益子町")
B13: 那須町 | D13: =COUNTIF(架電リスト!D2:D146,"那須町")
B14: 日光市 | D14: =COUNTIF(架電リスト!D2:D146,"日光市")
B15: 宇都宮市 | D15: =COUNTIF(架電リスト!D2:D146,"宇都宮市")
B16: 足利市 | D16: =COUNTIF(架電リスト!D2:D146,"足利市")
B17: 佐野市 | D17: =COUNTIF(架電リスト!D2:D146,"佐野市")
B18: 小山市 | D18: =COUNTIF(架電リスト!D2:D146,"小山市")
B19: 鹿沼市 | D19: =COUNTIF(架電リスト!D2:D146,"鹿沼市")
B20: 那須塩原市 | D20: =COUNTIF(架電リスト!D2:D146,"那須塩原市")
B21: 真岡市 | D21: =COUNTIF(架電リスト!D2:D146,"真岡市")
B22: 大田原市 | D22: =COUNTIF(架電リスト!D2:D146,"大田原市")
B23: 壬生町 | D23: =COUNTIF(架電リスト!D2:D146,"壬生町")
B24: 那珂川町 | D24: =COUNTIF(架電リスト!D2:D146,"那珂川町")
B25: 那須烏山市 | D25: =COUNTIF(架電リスト!D2:D146,"那須烏山市")
B26: 矢板市 | D26: =COUNTIF(架電リスト!D2:D146,"矢板市")
B27: 茂木町 | D27: =COUNTIF(架電リスト!D2:D146,"茂木町")
B28: 下野市 | D28: =COUNTIF(架電リスト!D2:D146,"下野市")
B29: 野木町 | D29: =COUNTIF(架電リスト!D2:D146,"野木町")
B30: 高根沢町 | D30: =COUNTIF(架電リスト!D2:D146,"高根沢町")
B31: 芳賀町 | D31: =COUNTIF(架電リスト!D2:D146,"芳賀町")
B32: 塩谷町 | D32: =COUNTIF(架電リスト!D2:D146,"塩谷町")
B33: さくら市 | D33: =COUNTIF(架電リスト!D2:D146,"さくら市")
B34: 上三川町 | D34: =COUNTIF(架電リスト!D2:D146,"上三川町")
